<?xml version="1.0" encoding="UTF-8"?>
<metadata xml:lang="en"><Esri><CreaDate>20180708</CreaDate><CreaTime>09434800</CreaTime><SyncOnce>FALSE</SyncOnce><SyncDate>20090723</SyncDate><SyncTime>20031500</SyncTime><ModDate>20090723</ModDate><ModTime>20031500</ModTime><DataProperties><lineage><Process ToolSource="C:\Program Files\ArcGIS\ArcToolbox\Toolboxes\Data Management Tools.tbx\Adjust3DZ" Date="20090722" Time="090809">Adjust3DZ "survey unit polygon" NO_REVERSE 64.43 # # "survey unit polygon"</Process><Process ToolSource="C:\Program Files\ArcGIS\ArcToolbox\Toolboxes\Data Management Tools.tbx\CopyFeatures" Date="20090722" Time="201552">CopyFeatures "C:\Documents and Settings\clas-user\Desktop\Gabii2009_arcgis_transfer\Gabii2009_1.gdb\SU_poly" "Database Servers\CLASL-G9YSQJ1_TOPO2SQL_DISTRO.gds\Gabii2009_topo2 (VERSION:dbo.DEFAULT)\Gabii2009_topo2.DBO.SU_poly" # 0 0 0</Process><Process ToolSource="C:\Program Files\ArcGIS\ArcToolbox\Toolboxes\Data Management Tools.tbx\CalculateField" Date="20090722" Time="221537">CalculateField "Database Servers\CLASL-G9YSQJ1_TOPO2SQL_DISTRO.gds\Gabii2009_topo2 (VERSION:dbo.DEFAULT)\Gabii2009_topo2.DBO.SU_poly" SU_text [SU] VB # "Database Servers\CLASL-G9YSQJ1_TOPO2SQL_DISTRO.gds\Gabii2009_topo2 (VERSION:dbo.DEFAULT)\Gabii2009_topo2.DBO.SU_poly"</Process><Process ToolSource="C:\Program Files\ArcGIS\ArcToolbox\Toolboxes\Data Management Tools.tbx\CopyFeatures" Date="20090723" Time="200316">CopyFeatures "C:\Documents and Settings\clas-user\Desktop\Gabii2009_arcgis\gabii_field_real.mdb\SU_poly" "Database Servers\CLASL-G9YSQJ1_TOPO2SQL_DISTRO.gds\Gabii2009_base (VERSION:dbo.DEFAULT)\Gabii2009_base.DBO.SU_poly" # 0 0 0</Process><Process ToolSource="C:\Program Files\ArcGIS\ArcToolbox\Toolboxes\Data Management Tools.tbx\DefineProjection" Date="20091024" Time="153056">DefineProjection "Database Servers\CLASL-G9YSQJ1_TOPO2SQL_DISTRO.gds\Gabii2009_base (VERSION:dbo.DEFAULT)\Gabii2009_base.DBO.SU_poly" PROJCS['Roma_1940_Gauss_Boaga_Est',GEOGCS['GCS_Roma_1940',DATUM['D_Roma_1940',SPHEROID['International_1924',6378388.0,297.0]],PRIMEM['Greenwich',0.0],UNIT['Degree',0.0174532925199433]],PROJECTION['Transverse_Mercator'],PARAMETER['False_Easting',2520000.0],PARAMETER['False_Northing',0.0],PARAMETER['Central_Meridian',15.0],PARAMETER['Scale_Factor',0.9996],PARAMETER['Latitude_Of_Origin',0.0],UNIT['Meter',1.0]] "Database Servers\CLASL-G9YSQJ1_TOPO2SQL_DISTRO.gds\Gabii2009_base (VERSION:dbo.DEFAULT)\Gabii2009_base.DBO.SU_poly"</Process><Process ToolSource="C:\Program Files\ArcGIS\ArcToolbox\Toolboxes\Data Management Tools.tbx\AddField" Date="20100111" Time="163658">AddField Gabii2009_base.DBO.SU_poly transparency_link_3 TEXT # # # # NULLABLE NON_REQUIRED # Gabii2009_base.DBO.SU_poly</Process><Process ToolSource="C:\Program Files\ArcGIS\ArcToolbox\Toolboxes\Data Management Tools.tbx\AddField" Date="20100111" Time="163742">AddField Gabii2009_base.DBO.SU_poly Photomodel_link TEXT # # # # NULLABLE NON_REQUIRED # Gabii2009_base.DBO.SU_poly</Process><Process ToolSource="C:\Program Files\ArcGIS\ArcToolbox\Toolboxes\Data Management Tools.tbx\AddField" Date="20100111" Time="171622">AddField Gabii2009_base.DBO.SU_poly transparency_link_1a TEXT # # # # NULLABLE NON_REQUIRED # Gabii2009_base.DBO.SU_poly</Process><Process ToolSource="C:\Program Files\ArcGIS\Desktop10.0\ArcToolbox\Toolboxes\Data Management Tools.tbx\CalculateField" Date="20110506" Time="153626">CalculateField Gabii2009_base.DBO.SU_poly su_numeric [SU] VB #</Process><Process ToolSource="C:\Program Files\ArcGIS\Desktop10.0\ArcToolbox\Toolboxes\Data Management Tools.tbx\CalculateField" Date="20110605" Time="153840">CalculateField Gabii2009_base.DBO.SU_poly Area A VB #</Process><Process ToolSource="C:\Program Files\ArcGIS\Desktop10.0\ArcToolbox\Toolboxes\Data Management Tools.tbx\CalculateField" Date="20110605" Time="153939">CalculateField Gabii2009_base.DBO.SU_poly Area A VB #</Process><Process ToolSource="C:\Program Files\ArcGIS\Desktop10.0\ArcToolbox\Toolboxes\Data Management Tools.tbx\CalculateField" Date="20110605" Time="154524">CalculateField Gabii2009_base.DBO.SU_poly Area A VB #</Process><Process ToolSource="C:\Program Files\ArcGIS\Desktop10.0\ArcToolbox\Toolboxes\Data Management Tools.tbx\CalculateField" Date="20110605" Time="160222">CalculateField Gabii2009_base.DBO.SU_poly transparency_link_main "String(scans\scanned_transparencies\SCANS_R\SU20)&amp; [su_numeric]" VB #</Process><Process ToolSource="C:\Program Files\ArcGIS\Desktop10.0\ArcToolbox\Toolboxes\Data Management Tools.tbx\CalculateField" Date="20110605" Time="161428">CalculateField Gabii2009_base.DBO.SU_poly transparency_link_main "String(scans\scanned_transparencies\SCANS_R\SU) &amp; [su_numeric]" VB #</Process><Process ToolSource="C:\Program Files\ArcGIS\Desktop10.0\ArcToolbox\Toolboxes\Data Management Tools.tbx\CalculateField" Date="20120627" Time="203759">CalculateField Gabii2009_base.DBO.SU_poly su_numeric [SU] VB #</Process><Process ToolSource="C:\Program Files\ArcGIS\Desktop10.0\ArcToolbox\Toolboxes\Data Management Tools.tbx\CalculateField" Date="20120627" Time="204647">CalculateField Gabii2009_base.DBO.SU_poly SU [su_numeric] VB #</Process><Process ToolSource="c:\program files (x86)\arcgis\desktop10.1\ArcToolbox\Toolboxes\Cartography Tools.tbx\DropRepresentation" Date="20130623" Time="172025">DropRepresentation "Database Servers\._SQLEXPRESS.gds\Gabii2009_base (VERSION:dbo.DEFAULT)\Gabii2009_base.DBO.basic_survey\Gabii2009_base.DBO.SU_poly" Gabii2009_base.DBO.SU_poly_Rep</Process><Process ToolSource="c:\program files (x86)\arcgis\desktop10.1\ArcToolbox\Toolboxes\Data Management Tools.tbx\CalculateField" Date="20130802" Time="150404">CalculateField Gabii2009_base.DBO.SU_poly Excavated 0 VB #</Process><Process ToolSource="c:\program files (x86)\arcgis\desktop10.1\ArcToolbox\Toolboxes\Data Management Tools.tbx\CalculateField" Date="20131101" Time="123422">CalculateField Gabii2009_base.DBO.SU_poly notes "[notes] &amp; " elevations not real and need fixing"  " VB #</Process><Process ToolSource="c:\program files (x86)\arcgis\desktop10.2\ArcToolbox\Toolboxes\Data Management Tools.tbx\CalculateField" Date="20141202" Time="211509">CalculateField "tombs\SU_poly selection" Excavated 0 VB #</Process><Process ToolSource="c:\program files (x86)\arcgis\desktop10.4\ArcToolbox\Toolboxes\Data Management Tools.tbx\DefineProjection" Date="20180708" Time="094414">DefineProjection gabii_SU PROJCS['Monte_Mario_Italy_2',GEOGCS['GCS_Monte_Mario',DATUM['D_Monte_Mario',SPHEROID['International_1924',6378388.0,297.0]],PRIMEM['Greenwich',0.0],UNIT['Degree',0.0174532925199433]],PROJECTION['Transverse_Mercator'],PARAMETER['False_Easting',2520000.0],PARAMETER['False_Northing',0.0],PARAMETER['Central_Meridian',15.0],PARAMETER['Scale_Factor',0.9996],PARAMETER['Latitude_Of_Origin',0.0],UNIT['Meter',1.0]]</Process></lineage><itemProps><itemLocation><linkage Sync="TRUE">file://\\KELS-L-GABI1\Users\Kels-gabii1\Desktop\Check Outs\gabii2018_july9_topoGamma.gdb</linkage><protocol Sync="TRUE">Local Area Network</protocol></itemLocation></itemProps></DataProperties><ArcGISFormat>1.0</ArcGISFormat></Esri><idinfo><native Sync="TRUE">Microsoft Windows XP Version 5.1 (Build 2600) Service Pack 3; ESRI ArcCatalog 9.3.0.1770</native><descript><langdata Sync="TRUE">en</langdata><abstract>REQUIRED: A brief narrative summary of the data set.</abstract><purpose>REQUIRED: A summary of the intentions with which the data set was developed.</purpose></descript><citation><citeinfo><origin>REQUIRED: The name of an organization or individual that developed the data set.</origin><pubdate>REQUIRED: The date when the data set is published or otherwise made available for release.</pubdate><title Sync="TRUE">Gabii2009_base.DBO.SU_poly</title><ftname Sync="TRUE">Gabii2009_base.DBO.SU_poly</ftname><geoform Sync="TRUE">vector digital data</geoform><onlink Sync="TRUE">Server=CLASL-G9YSQJ1_TOPO2SQL_DISTRO; Service=sde:sqlserver:CLASL-G9YSQJ1\TOPO2SQL_DISTRO; Database=Gabii2009_base; Version=dbo.DEFAULT</onlink></citeinfo></citation><timeperd><current>REQUIRED: The basis on which the time period of content information is determined.</current><timeinfo><sngdate><caldate>REQUIRED: The year (and optionally month, or month and day) for which the data set corresponds to the ground.</caldate></sngdate></timeinfo></timeperd><status><progress>REQUIRED: The state of the data set.</progress><update>REQUIRED: The frequency with which changes and additions are made to the data set after the initial data set is completed.</update></status><spdom><bounding><westbc Sync="TRUE">-11.596924</westbc><eastbc Sync="TRUE">-11.595841</eastbc><northbc Sync="TRUE">-38.727905</northbc><southbc Sync="TRUE">-38.728649</southbc></bounding><lboundng><leftbc Sync="TRUE">1280.812600</leftbc><rightbc Sync="TRUE">1365.633800</rightbc><bottombc Sync="TRUE">429.579400</bottombc><topbc Sync="TRUE">495.318700</topbc></lboundng><minalti Sync="TRUE">61.973800</minalti><maxalti Sync="TRUE">66.182700</maxalti></spdom><keywords><theme><themekt>REQUIRED: Reference to a formally registered thesaurus or a similar authoritative source of theme keywords.</themekt><themekey>REQUIRED: Common-use word or phrase used to describe the subject of the data set.</themekey></theme></keywords><accconst>REQUIRED: Restrictions and legal prerequisites for accessing the data set.</accconst><useconst>REQUIRED: Restrictions and legal prerequisites for using the data set after access is granted.</useconst><natvform Sync="TRUE">SDE Feature Class</natvform></idinfo><dataIdInfo><envirDesc Sync="TRUE">Microsoft Windows XP Version 5.1 (Build 2600) Service Pack 3; ESRI ArcCatalog 9.3.0.1770</envirDesc><dataLang><languageCode Sync="TRUE" value="en"/></dataLang><idCitation><resTitle Sync="TRUE">Gabii2009_base.DBO.SU_poly</resTitle><presForm><PresFormCd Sync="TRUE" value="005"/></presForm></idCitation><dataExt><geoEle><GeoBndBox esriExtentType="native"><westBL Sync="TRUE">1280.8126</westBL><eastBL Sync="TRUE">1365.6338</eastBL><northBL Sync="TRUE">495.3187</northBL><southBL Sync="TRUE">429.5794</southBL><exTypeCode Sync="TRUE">1</exTypeCode></GeoBndBox></geoEle><vertEle><vertMinVal Sync="TRUE">61.9738</vertMinVal><vertMaxVal Sync="TRUE">66.1827</vertMaxVal></vertEle></dataExt><geoBox esriExtentType="decdegrees"><westBL Sync="TRUE">-11.596924</westBL><eastBL Sync="TRUE">-11.595841</eastBL><northBL Sync="TRUE">-38.727905</northBL><southBL Sync="TRUE">-38.728649</southBL><exTypeCode Sync="TRUE">1</exTypeCode></geoBox><spatRpType><SpatRepTypCd Sync="TRUE" value="001"/></spatRpType></dataIdInfo><metainfo><langmeta Sync="TRUE">en</langmeta><metstdn Sync="TRUE">FGDC Content Standards for Digital Geospatial Metadata</metstdn><metstdv Sync="TRUE">FGDC-STD-001-1998</metstdv><mettc Sync="TRUE">local time</mettc><metc><cntinfo><cntorgp><cntper>REQUIRED: The person responsible for the metadata information.</cntper><cntorg>REQUIRED: The organization responsible for the metadata information.</cntorg></cntorgp><cntaddr><addrtype>REQUIRED: The mailing and/or physical address for the organization or individual.</addrtype><city>REQUIRED: The city of the address.</city><state>REQUIRED: The state or province of the address.</state><postal>REQUIRED: The ZIP or other postal code of the address.</postal></cntaddr><cntvoice>REQUIRED: The telephone number by which individuals can speak to the organization or individual.</cntvoice></cntinfo></metc><metd Sync="TRUE">20090723</metd><metextns><onlink Sync="TRUE">http://www.esri.com/metadata/esriprof80.html</onlink><metprof Sync="TRUE">ESRI Metadata Profile</metprof></metextns></metainfo><mdLang><languageCode Sync="TRUE" value="en"/></mdLang><mdStanName Sync="TRUE">ISO 19115 Geographic Information - Metadata</mdStanName><mdStanVer Sync="TRUE">DIS_ESRI1.0</mdStanVer><mdChar><CharSetCd Sync="TRUE" value="004"/></mdChar><mdHrLv><ScopeCd Sync="TRUE" value="005"/></mdHrLv><mdHrLvName Sync="TRUE">dataset</mdHrLvName><distinfo><resdesc Sync="TRUE">Downloadable Data</resdesc></distinfo><distInfo><distributor><distorTran><onLineSrc><orDesc Sync="TRUE">002</orDesc><linkage Sync="TRUE">Server=CLASL-G9YSQJ1_TOPO2SQL_DISTRO; Service=sde:sqlserver:CLASL-G9YSQJ1\TOPO2SQL_DISTRO; Database=Gabii2009_base; Version=dbo.DEFAULT</linkage><protocol Sync="TRUE">ArcSDE Connection</protocol></onLineSrc></distorTran><distorFormat><formatName Sync="TRUE">SDE Feature Class</formatName></distorFormat></distributor></distInfo><spdoinfo><direct Sync="TRUE">Vector</direct><ptvctinf><esriterm Name="Gabii2009_base.DBO.SU_poly"><efeatyp Sync="TRUE">Simple</efeatyp><efeageom Sync="TRUE">Polygon</efeageom><esritopo Sync="TRUE">FALSE</esritopo><efeacnt Sync="TRUE">0</efeacnt><spindex Sync="TRUE">TRUE</spindex><linrefer Sync="TRUE">FALSE</linrefer></esriterm><sdtsterm Name="Gabii2009_base.DBO.SU_poly"><sdtstype Sync="TRUE">G-polygon</sdtstype><ptvctcnt Sync="TRUE">0</ptvctcnt></sdtsterm></ptvctinf></spdoinfo><spref><horizsys><cordsysn><geogcsn Sync="TRUE">GCS_Roma_1940</geogcsn><projcsn Sync="TRUE">Gabii_Projection</projcsn></cordsysn><planar><planci><plance Sync="TRUE">coordinate pair</plance><plandu Sync="TRUE">meters</plandu><coordrep><absres Sync="TRUE">0.000100</absres><ordres Sync="TRUE">0.000100</ordres></coordrep></planci><mapproj><mapprojn Sync="TRUE">Transverse Mercator</mapprojn><transmer><sfctrmer Sync="TRUE">0.999600</sfctrmer><longcm Sync="TRUE">15.000000</longcm><latprjo Sync="TRUE">0.000000</latprjo><feast Sync="TRUE">2329500.000000</feast><fnorth Sync="TRUE">4639400.000000</fnorth></transmer></mapproj></planar><geodetic><horizdn Sync="TRUE">D_Roma_1940</horizdn><ellips Sync="TRUE">International_1924</ellips><semiaxis Sync="TRUE">6378388.000000</semiaxis><denflat Sync="TRUE">297.000000</denflat></geodetic></horizsys><vertdef><altsys><altenc Sync="TRUE">Explicit elevation coordinate included with horizontal coordinates</altenc><altres Sync="TRUE">0.000100</altres></altsys></vertdef></spref><refSysInfo><RefSystem><refSysID><identCode Sync="TRUE">Gabii_Projection</identCode></refSysID></RefSystem></refSysInfo><spatRepInfo><VectSpatRep><topLvl><TopoLevCd Sync="TRUE" value="001"/></topLvl><geometObjs Name="Gabii2009_base.DBO.SU_poly"><geoObjTyp><GeoObjTypCd Sync="TRUE" value="001"/></geoObjTyp><geoObjCnt Sync="TRUE">0</geoObjCnt></geometObjs></VectSpatRep></spatRepInfo><eainfo><detailed Name="Gabii2009_base.DBO.SU_poly"><enttyp><enttypl Sync="TRUE">Gabii2009_base.DBO.SU_poly</enttypl><enttypt Sync="TRUE">Feature Class</enttypt><enttypc Sync="TRUE">0</enttypc></enttyp><attr><attrlabl Sync="TRUE">OBJECTID</attrlabl><attalias Sync="TRUE">OBJECTID</attalias><attrtype Sync="TRUE">OID</attrtype><attwidth Sync="TRUE">4</attwidth><atprecis Sync="TRUE">10</atprecis><attscale Sync="TRUE">0</attscale><attrdef Sync="TRUE">Internal feature number.</attrdef><attrdefs Sync="TRUE">ESRI</attrdefs><attrdomv><udom Sync="TRUE">Sequential unique whole numbers that are automatically generated.</udom></attrdomv></attr><attr><attrlabl Sync="TRUE">SHAPE</attrlabl><attalias Sync="TRUE">SHAPE</attalias><attrtype Sync="TRUE">Geometry</attrtype><attwidth Sync="TRUE">4</attwidth><atprecis Sync="TRUE">0</atprecis><attscale Sync="TRUE">0</attscale><attrdef Sync="TRUE">Feature geometry.</attrdef><attrdefs Sync="TRUE">ESRI</attrdefs><attrdomv><udom Sync="TRUE">Coordinates defining the features.</udom></attrdomv></attr><attr><attrlabl Sync="TRUE">SU</attrlabl><attalias Sync="TRUE">SU</attalias><attrtype Sync="TRUE">String</attrtype><attwidth Sync="TRUE">50</attwidth><atprecis Sync="TRUE">0</atprecis><attscale Sync="TRUE">0</attscale></attr><attr><attrlabl Sync="TRUE">GlobalID</attrlabl><attalias Sync="TRUE">GlobalID</attalias><attrtype Sync="TRUE">GlobalID</attrtype><attwidth Sync="TRUE">38</attwidth><atprecis Sync="TRUE">0</atprecis><attscale Sync="TRUE">0</attscale></attr><attr><attrlabl Sync="TRUE">SU_text</attrlabl><attalias Sync="TRUE">SU_text</attalias><attrtype Sync="TRUE">String</attrtype><attwidth Sync="TRUE">50</attwidth><atprecis Sync="TRUE">0</atprecis><attscale Sync="TRUE">0</attscale></attr><attr><attrlabl Sync="TRUE">DESCRIPTIO</attrlabl><attalias Sync="TRUE">DESCRIPTIO</attalias><attrtype Sync="TRUE">String</attrtype><attwidth Sync="TRUE">50</attwidth><atprecis Sync="TRUE">0</atprecis><attscale Sync="TRUE">0</attscale></attr><attr><attrlabl Sync="TRUE">SHAPE.area</attrlabl><attalias Sync="TRUE">SHAPE.area</attalias><attrtype Sync="TRUE">Double</attrtype><attwidth Sync="TRUE">0</attwidth><atprecis Sync="TRUE">0</atprecis><attscale Sync="TRUE">0</attscale></attr><attr><attrlabl Sync="TRUE">SHAPE.len</attrlabl><attalias Sync="TRUE">SHAPE.len</attalias><attrtype Sync="TRUE">Double</attrtype><attwidth Sync="TRUE">0</attwidth><atprecis Sync="TRUE">0</atprecis><attscale Sync="TRUE">0</attscale></attr></detailed></eainfo><mdDateSt Sync="TRUE">20090723</mdDateSt><dataqual><lineage><procstep><procdesc Sync="TRUE">Dataset copied.</procdesc><srcused Sync="TRUE">Server=CLASL-G9YSQJ1_TOPO2SQL_DISTRO; Service=sde:sqlserver:CLASL-G9YSQJ1\TOPO2SQL_DISTRO; Database=Gabii2009_topo2; Version=dbo.DEFAULT</srcused><procdate Sync="TRUE">20090722</procdate><proctime Sync="TRUE">22535700</proctime></procstep></lineage></dataqual></metadata>
