<metadata xml:lang="en"><Esri><CreaDate>20180720</CreaDate><CreaTime>14223800</CreaTime><SyncOnce>FALSE</SyncOnce><SyncDate>20190617</SyncDate><SyncTime>12343000</SyncTime><ModDate>20190617</ModDate><ModTime>12343000</ModTime><DataProperties><lineage><Process ToolSource="C:\Program Files\ArcGIS\ArcToolbox\Toolboxes\Data Management Tools.tbx\Adjust3DZ" Date="20090722" Time="090809">Adjust3DZ "survey unit polygon" NO_REVERSE 64.43 # # "survey unit polygon"</Process><Process ToolSource="C:\Program Files\ArcGIS\ArcToolbox\Toolboxes\Data Management Tools.tbx\CopyFeatures" Date="20090722" Time="201552">CopyFeatures "C:\Documents and Settings\clas-user\Desktop\Gabii2009_arcgis_transfer\Gabii2009_1.gdb\SU_poly" "Database Servers\CLASL-G9YSQJ1_TOPO2SQL_DISTRO.gds\Gabii2009_topo2 (VERSION:dbo.DEFAULT)\Gabii2009_topo2.DBO.SU_poly" # 0 0 0</Process><Process ToolSource="C:\Program Files\ArcGIS\ArcToolbox\Toolboxes\Data Management Tools.tbx\CalculateField" Date="20090722" Time="221537">CalculateField "Database Servers\CLASL-G9YSQJ1_TOPO2SQL_DISTRO.gds\Gabii2009_topo2 (VERSION:dbo.DEFAULT)\Gabii2009_topo2.DBO.SU_poly" SU_text [SU] VB # "Database Servers\CLASL-G9YSQJ1_TOPO2SQL_DISTRO.gds\Gabii2009_topo2 (VERSION:dbo.DEFAULT)\Gabii2009_topo2.DBO.SU_poly"</Process><Process ToolSource="C:\Program Files\ArcGIS\ArcToolbox\Toolboxes\Data Management Tools.tbx\CopyFeatures" Date="20090723" Time="200316">CopyFeatures "C:\Documents and Settings\clas-user\Desktop\Gabii2009_arcgis\gabii_field_real.mdb\SU_poly" "Database Servers\CLASL-G9YSQJ1_TOPO2SQL_DISTRO.gds\Gabii2009_base (VERSION:dbo.DEFAULT)\Gabii2009_base.DBO.SU_poly" # 0 0 0</Process><Process ToolSource="C:\Program Files\ArcGIS\ArcToolbox\Toolboxes\Data Management Tools.tbx\DefineProjection" Date="20091024" Time="153056">DefineProjection "Database Servers\CLASL-G9YSQJ1_TOPO2SQL_DISTRO.gds\Gabii2009_base (VERSION:dbo.DEFAULT)\Gabii2009_base.DBO.SU_poly" PROJCS['Roma_1940_Gauss_Boaga_Est',GEOGCS['GCS_Roma_1940',DATUM['D_Roma_1940',SPHEROID['International_1924',6378388.0,297.0]],PRIMEM['Greenwich',0.0],UNIT['Degree',0.0174532925199433]],PROJECTION['Transverse_Mercator'],PARAMETER['False_Easting',2520000.0],PARAMETER['False_Northing',0.0],PARAMETER['Central_Meridian',15.0],PARAMETER['Scale_Factor',0.9996],PARAMETER['Latitude_Of_Origin',0.0],UNIT['Meter',1.0]] "Database Servers\CLASL-G9YSQJ1_TOPO2SQL_DISTRO.gds\Gabii2009_base (VERSION:dbo.DEFAULT)\Gabii2009_base.DBO.SU_poly"</Process><Process ToolSource="C:\Program Files\ArcGIS\ArcToolbox\Toolboxes\Data Management Tools.tbx\AddField" Date="20100111" Time="163658">AddField Gabii2009_base.DBO.SU_poly transparency_link_3 TEXT # # # # NULLABLE NON_REQUIRED # Gabii2009_base.DBO.SU_poly</Process><Process ToolSource="C:\Program Files\ArcGIS\ArcToolbox\Toolboxes\Data Management Tools.tbx\AddField" Date="20100111" Time="163742">AddField Gabii2009_base.DBO.SU_poly Photomodel_link TEXT # # # # NULLABLE NON_REQUIRED # Gabii2009_base.DBO.SU_poly</Process><Process ToolSource="C:\Program Files\ArcGIS\ArcToolbox\Toolboxes\Data Management Tools.tbx\AddField" Date="20100111" Time="171622">AddField Gabii2009_base.DBO.SU_poly transparency_link_1a TEXT # # # # NULLABLE NON_REQUIRED # Gabii2009_base.DBO.SU_poly</Process><Process ToolSource="C:\Program Files\ArcGIS\Desktop10.0\ArcToolbox\Toolboxes\Data Management Tools.tbx\CalculateField" Date="20110506" Time="153626">CalculateField Gabii2009_base.DBO.SU_poly su_numeric [SU] VB #</Process><Process ToolSource="C:\Program Files\ArcGIS\Desktop10.0\ArcToolbox\Toolboxes\Data Management Tools.tbx\CalculateField" Date="20110605" Time="153840">CalculateField Gabii2009_base.DBO.SU_poly Area A VB #</Process><Process ToolSource="C:\Program Files\ArcGIS\Desktop10.0\ArcToolbox\Toolboxes\Data Management Tools.tbx\CalculateField" Date="20110605" Time="153939">CalculateField Gabii2009_base.DBO.SU_poly Area A VB #</Process><Process ToolSource="C:\Program Files\ArcGIS\Desktop10.0\ArcToolbox\Toolboxes\Data Management Tools.tbx\CalculateField" Date="20110605" Time="154524">CalculateField Gabii2009_base.DBO.SU_poly Area A VB #</Process><Process ToolSource="C:\Program Files\ArcGIS\Desktop10.0\ArcToolbox\Toolboxes\Data Management Tools.tbx\CalculateField" Date="20110605" Time="160222">CalculateField Gabii2009_base.DBO.SU_poly transparency_link_main "String(scans\scanned_transparencies\SCANS_R\SU20)&amp; [su_numeric]" VB #</Process><Process ToolSource="C:\Program Files\ArcGIS\Desktop10.0\ArcToolbox\Toolboxes\Data Management Tools.tbx\CalculateField" Date="20110605" Time="161428">CalculateField Gabii2009_base.DBO.SU_poly transparency_link_main "String(scans\scanned_transparencies\SCANS_R\SU) &amp; [su_numeric]" VB #</Process><Process ToolSource="C:\Program Files\ArcGIS\Desktop10.0\ArcToolbox\Toolboxes\Data Management Tools.tbx\CalculateField" Date="20120627" Time="203759">CalculateField Gabii2009_base.DBO.SU_poly su_numeric [SU] VB #</Process><Process ToolSource="C:\Program Files\ArcGIS\Desktop10.0\ArcToolbox\Toolboxes\Data Management Tools.tbx\CalculateField" Date="20120627" Time="204647">CalculateField Gabii2009_base.DBO.SU_poly SU [su_numeric] VB #</Process><Process ToolSource="c:\program files (x86)\arcgis\desktop10.1\ArcToolbox\Toolboxes\Cartography Tools.tbx\DropRepresentation" Date="20130623" Time="172025">DropRepresentation "Database Servers\._SQLEXPRESS.gds\Gabii2009_base (VERSION:dbo.DEFAULT)\Gabii2009_base.DBO.basic_survey\Gabii2009_base.DBO.SU_poly" Gabii2009_base.DBO.SU_poly_Rep</Process><Process ToolSource="c:\program files (x86)\arcgis\desktop10.1\ArcToolbox\Toolboxes\Data Management Tools.tbx\CalculateField" Date="20130802" Time="150404">CalculateField Gabii2009_base.DBO.SU_poly Excavated 0 VB #</Process><Process ToolSource="c:\program files (x86)\arcgis\desktop10.1\ArcToolbox\Toolboxes\Data Management Tools.tbx\CalculateField" Date="20131101" Time="123422">CalculateField Gabii2009_base.DBO.SU_poly notes "[notes] &amp; " elevations not real and need fixing"  " VB #</Process><Process ToolSource="c:\program files (x86)\arcgis\desktop10.2\ArcToolbox\Toolboxes\Data Management Tools.tbx\CalculateField" Date="20141202" Time="211509">CalculateField "tombs\SU_poly selection" Excavated 0 VB #</Process><Process ToolSource="c:\program files (x86)\arcgis\desktop10.4\ArcToolbox\Toolboxes\Data Management Tools.tbx\CalculateField" Date="20181106" Time="074232">CalculateField SU_poly DESCRIPTIO WL VB #</Process><Process ToolSource="c:\program files (x86)\arcgis\desktop10.4\ArcToolbox\Toolboxes\Data Management Tools.tbx\CalculateField" Date="20181106" Time="074308">CalculateField SU_poly DESCRIPTIO WL VB #</Process><Process ToolSource="c:\program files (x86)\arcgis\desktop10.6\ArcToolbox\Toolboxes\Conversion Tools.tbx\FeatureClassToFeatureClass" Date="20190617" Time="123436">FeatureClassToFeatureClass C:\Users\kelseygabii\Desktop\topo2018\gabii2018_july23_topoGamma.gdb\basic_survey\SU_poly C:\Users\kelseygabii\Documents\Projects\gabii gabii_SU_poly.shp # "DESCRIPTIO "DESCRIPTIO" true true false 50 Text 0 0 ,First,#,C:\Users\kelseygabii\Desktop\topo2018\gabii2018_july23_topoGamma.gdb\basic_survey\SU_poly,DESCRIPTIO,-1,-1;GlobalID "GlobalID" false false true 38 GlobalID 0 0 ,First,#,C:\Users\kelseygabii\Desktop\topo2018\gabii2018_july23_topoGamma.gdb\basic_survey\SU_poly,GlobalID,-1,-1;tomb_ID "tomb_ID" true true false 8 Double 0 0 ,First,#,C:\Users\kelseygabii\Desktop\topo2018\gabii2018_july23_topoGamma.gdb\basic_survey\SU_poly,tomb_ID,-1,-1;notes "notes" true true false 100 Text 0 0 ,First,#,C:\Users\kelseygabii\Desktop\topo2018\gabii2018_july23_topoGamma.gdb\basic_survey\SU_poly,notes,-1,-1;Room_ID "Room_ID" true true false 50 Text 0 0 ,First,#,C:\Users\kelseygabii\Desktop\topo2018\gabii2018_july23_topoGamma.gdb\basic_survey\SU_poly,Room_ID,-1,-1;SU "SU" true true false 2 Short 0 0 ,First,#,C:\Users\kelseygabii\Desktop\topo2018\gabii2018_july23_topoGamma.gdb\basic_survey\SU_poly,SU,-1,-1;Excavated "Excavated" true true false 2 Short 0 0 ,First,#,C:\Users\kelseygabii\Desktop\topo2018\gabii2018_july23_topoGamma.gdb\basic_survey\SU_poly,Excavated,-1,-1;Top_of_Wal "Top_of_Wal" true true false 2 Short 0 0 ,First,#,C:\Users\kelseygabii\Desktop\topo2018\gabii2018_july23_topoGamma.gdb\basic_survey\SU_poly,Top_of_Wall,-1,-1;SHAPE_Leng "SHAPE_Leng" false true true 8 Double 0 0 ,First,#,C:\Users\kelseygabii\Desktop\topo2018\gabii2018_july23_topoGamma.gdb\basic_survey\SU_poly,SHAPE_Length,-1,-1;SHAPE_Area "SHAPE_Area" false true true 8 Double 0 0 ,First,#,C:\Users\kelseygabii\Desktop\topo2018\gabii2018_july23_topoGamma.gdb\basic_survey\SU_poly,SHAPE_Area,-1,-1" #</Process></lineage><itemProps><itemLocation><linkage Sync="TRUE">file://\\KELS-L-GABI3\Users\kelseygabii\Documents\Projects\gabii\gabii_SU_poly.shp</linkage><protocol Sync="TRUE">Local Area Network</protocol></itemLocation><itemName Sync="TRUE">gabii_SU_poly</itemName><imsContentType Sync="TRUE">002</imsContentType><itemSize Sync="TRUE">0.000</itemSize></itemProps><coordRef><type Sync="TRUE">Projected</type><geogcsn Sync="TRUE">GCS_Roma_1940</geogcsn><csUnits Sync="TRUE">Linear Unit: Meter (1.000000)</csUnits><projcsn Sync="TRUE">Roma_1940_Gauss_Boaga_Est</projcsn><peXml Sync="TRUE">&lt;ProjectedCoordinateSystem xsi:type='typens:ProjectedCoordinateSystem' xmlns:xsi='http://www.w3.org/2001/XMLSchema-instance' xmlns:xs='http://www.w3.org/2001/XMLSchema' xmlns:typens='http://www.esri.com/schemas/ArcGIS/10.6'&gt;&lt;WKT&gt;PROJCS[&amp;quot;Roma_1940_Gauss_Boaga_Est&amp;quot;,GEOGCS[&amp;quot;GCS_Roma_1940&amp;quot;,DATUM[&amp;quot;D_Roma_1940&amp;quot;,SPHEROID[&amp;quot;International_1924&amp;quot;,6378388.0,297.0]],PRIMEM[&amp;quot;Greenwich&amp;quot;,0.0],UNIT[&amp;quot;Degree&amp;quot;,0.0174532925199433]],PROJECTION[&amp;quot;Transverse_Mercator&amp;quot;],PARAMETER[&amp;quot;False_Easting&amp;quot;,2520000.0],PARAMETER[&amp;quot;False_Northing&amp;quot;,0.0],PARAMETER[&amp;quot;Central_Meridian&amp;quot;,15.0],PARAMETER[&amp;quot;Scale_Factor&amp;quot;,0.9996],PARAMETER[&amp;quot;Latitude_Of_Origin&amp;quot;,0.0],UNIT[&amp;quot;Meter&amp;quot;,1.0],AUTHORITY[&amp;quot;Esri&amp;quot;,102093]]&lt;/WKT&gt;&lt;XOrigin&gt;-3101200&lt;/XOrigin&gt;&lt;YOrigin&gt;-9998400&lt;/YOrigin&gt;&lt;XYScale&gt;450432031.86214745&lt;/XYScale&gt;&lt;ZOrigin&gt;-100000&lt;/ZOrigin&gt;&lt;ZScale&gt;10000&lt;/ZScale&gt;&lt;MOrigin&gt;-100000&lt;/MOrigin&gt;&lt;MScale&gt;10000&lt;/MScale&gt;&lt;XYTolerance&gt;0.001&lt;/XYTolerance&gt;&lt;ZTolerance&gt;0.001&lt;/ZTolerance&gt;&lt;MTolerance&gt;0.001&lt;/MTolerance&gt;&lt;HighPrecision&gt;true&lt;/HighPrecision&gt;&lt;WKID&gt;102093&lt;/WKID&gt;&lt;LatestWKID&gt;102093&lt;/LatestWKID&gt;&lt;/ProjectedCoordinateSystem&gt;</peXml></coordRef></DataProperties><ArcGISFormat>1.0</ArcGISFormat></Esri><idinfo><native Sync="TRUE">Microsoft Windows XP Version 5.1 (Build 2600) Service Pack 3; ESRI ArcCatalog 9.3.0.1770</native><descript><langdata Sync="TRUE">en</langdata><abstract>REQUIRED: A brief narrative summary of the data set.</abstract><purpose>REQUIRED: A summary of the intentions with which the data set was developed.</purpose></descript><citation><citeinfo><origin>REQUIRED: The name of an organization or individual that developed the data set.</origin><pubdate>REQUIRED: The date when the data set is published or otherwise made available for release.</pubdate><title Sync="TRUE">Gabii2009_base.DBO.SU_poly</title><ftname Sync="TRUE">Gabii2009_base.DBO.SU_poly</ftname><geoform Sync="TRUE">vector digital data</geoform><onlink Sync="TRUE">Server=CLASL-G9YSQJ1_TOPO2SQL_DISTRO; Service=sde:sqlserver:CLASL-G9YSQJ1\TOPO2SQL_DISTRO; Database=Gabii2009_base; Version=dbo.DEFAULT</onlink></citeinfo></citation><timeperd><current>REQUIRED: The basis on which the time period of content information is determined.</current><timeinfo><sngdate><caldate>REQUIRED: The year (and optionally month, or month and day) for which the data set corresponds to the ground.</caldate></sngdate></timeinfo></timeperd><status><progress>REQUIRED: The state of the data set.</progress><update>REQUIRED: The frequency with which changes and additions are made to the data set after the initial data set is completed.</update></status><spdom><bounding><westbc Sync="TRUE">-11.596924</westbc><eastbc Sync="TRUE">-11.595841</eastbc><northbc Sync="TRUE">-38.727905</northbc><southbc Sync="TRUE">-38.728649</southbc></bounding><lboundng><leftbc Sync="TRUE">1280.812600</leftbc><rightbc Sync="TRUE">1365.633800</rightbc><bottombc Sync="TRUE">429.579400</bottombc><topbc Sync="TRUE">495.318700</topbc></lboundng><minalti Sync="TRUE">61.973800</minalti><maxalti Sync="TRUE">66.182700</maxalti></spdom><keywords><theme><themekt>REQUIRED: Reference to a formally registered thesaurus or a similar authoritative source of theme keywords.</themekt><themekey>REQUIRED: Common-use word or phrase used to describe the subject of the data set.</themekey></theme></keywords><accconst>REQUIRED: Restrictions and legal prerequisites for accessing the data set.</accconst><useconst>REQUIRED: Restrictions and legal prerequisites for using the data set after access is granted.</useconst><natvform Sync="TRUE">SDE Feature Class</natvform></idinfo><dataIdInfo><envirDesc Sync="TRUE">Microsoft Windows 7 Version 6.1 (Build 7601) Service Pack 1; Esri ArcGIS 10.6.1.9270</envirDesc><dataLang><languageCode Sync="TRUE" value="eng"/><countryCode value="USA" Sync="TRUE"></countryCode></dataLang><idCitation><resTitle Sync="TRUE">gabii_SU_poly</resTitle><presForm><PresFormCd Sync="TRUE" value="005"/></presForm></idCitation><dataExt><geoEle><GeoBndBox esriExtentType="native"><westBL Sync="TRUE">1280.8126</westBL><eastBL Sync="TRUE">1365.6338</eastBL><northBL Sync="TRUE">495.3187</northBL><southBL Sync="TRUE">429.5794</southBL><exTypeCode Sync="TRUE">1</exTypeCode></GeoBndBox></geoEle><vertEle><vertMinVal Sync="TRUE">61.9738</vertMinVal><vertMaxVal Sync="TRUE">66.1827</vertMaxVal></vertEle></dataExt><geoBox esriExtentType="decdegrees"><westBL Sync="TRUE">-11.596924</westBL><eastBL Sync="TRUE">-11.595841</eastBL><northBL Sync="TRUE">-38.727905</northBL><southBL Sync="TRUE">-38.728649</southBL><exTypeCode Sync="TRUE">1</exTypeCode></geoBox><spatRpType><SpatRepTypCd Sync="TRUE" value="001"/></spatRpType></dataIdInfo><metainfo><langmeta Sync="TRUE">en</langmeta><metstdn Sync="TRUE">FGDC Content Standards for Digital Geospatial Metadata</metstdn><metstdv Sync="TRUE">FGDC-STD-001-1998</metstdv><mettc Sync="TRUE">local time</mettc><metc><cntinfo><cntorgp><cntper>REQUIRED: The person responsible for the metadata information.</cntper><cntorg>REQUIRED: The organization responsible for the metadata information.</cntorg></cntorgp><cntaddr><addrtype>REQUIRED: The mailing and/or physical address for the organization or individual.</addrtype><city>REQUIRED: The city of the address.</city><state>REQUIRED: The state or province of the address.</state><postal>REQUIRED: The ZIP or other postal code of the address.</postal></cntaddr><cntvoice>REQUIRED: The telephone number by which individuals can speak to the organization or individual.</cntvoice></cntinfo></metc><metd Sync="TRUE">20090723</metd></metainfo><mdLang><languageCode Sync="TRUE" value="eng"/><countryCode value="USA" Sync="TRUE"></countryCode></mdLang><mdStanName Sync="TRUE">ISO 19115 Geographic Information - Metadata</mdStanName><mdStanVer Sync="TRUE">DIS_ESRI1.0</mdStanVer><mdChar><CharSetCd Sync="TRUE" value="004"/></mdChar><mdHrLv><ScopeCd Sync="TRUE" value="005"/></mdHrLv><mdHrLvName Sync="TRUE">dataset</mdHrLvName><distinfo><resdesc Sync="TRUE">Downloadable Data</resdesc></distinfo><distInfo><distributor><distorTran><onLineSrc><orDesc Sync="TRUE">002</orDesc><linkage Sync="TRUE">Server=CLASL-G9YSQJ1_TOPO2SQL_DISTRO; Service=sde:sqlserver:CLASL-G9YSQJ1\TOPO2SQL_DISTRO; Database=Gabii2009_base; Version=dbo.DEFAULT</linkage><protocol Sync="TRUE">ArcSDE Connection</protocol></onLineSrc></distorTran><distorFormat><formatName Sync="TRUE">SDE Feature Class</formatName></distorFormat></distributor><distFormat><formatName Sync="TRUE">Shapefile</formatName></distFormat><distTranOps><transSize Sync="TRUE">0.000</transSize></distTranOps></distInfo><spdoinfo><direct Sync="TRUE">Vector</direct><ptvctinf><esriterm Name="gabii_SU_poly"><efeatyp Sync="TRUE">Simple</efeatyp><efeageom code="4" Sync="TRUE"></efeageom><esritopo Sync="TRUE">FALSE</esritopo><efeacnt Sync="TRUE">0</efeacnt><spindex Sync="TRUE">FALSE</spindex><linrefer Sync="TRUE">TRUE</linrefer></esriterm></ptvctinf></spdoinfo><spref><horizsys><cordsysn><geogcsn Sync="TRUE">GCS_Roma_1940</geogcsn><projcsn Sync="TRUE">Gabii_Projection</projcsn></cordsysn><planar><planci><plance Sync="TRUE">coordinate pair</plance><plandu Sync="TRUE">meters</plandu><coordrep><absres Sync="TRUE">0.000100</absres><ordres Sync="TRUE">0.000100</ordres></coordrep></planci></planar><geodetic><horizdn Sync="TRUE">D_Roma_1940</horizdn><ellips Sync="TRUE">International_1924</ellips><semiaxis Sync="TRUE">6378388.000000</semiaxis><denflat Sync="TRUE">297.000000</denflat></geodetic></horizsys><vertdef><altsys><altenc Sync="TRUE">Explicit elevation coordinate included with horizontal coordinates</altenc><altres Sync="TRUE">0.000100</altres></altsys></vertdef></spref><refSysInfo><RefSystem><refSysID><identCode Sync="TRUE" code="102093">Gabii_Projection</identCode><idCodeSpace Sync="TRUE">Esri</idCodeSpace><idVersion Sync="TRUE">9.0.0</idVersion></refSysID></RefSystem></refSysInfo><spatRepInfo><VectSpatRep><geometObjs Name="gabii_SU_poly"><geoObjTyp><GeoObjTypCd value="002" Sync="TRUE"></GeoObjTypCd></geoObjTyp><geoObjCnt Sync="TRUE">0</geoObjCnt></geometObjs><topLvl><TopoLevCd value="001" Sync="TRUE"></TopoLevCd></topLvl></VectSpatRep></spatRepInfo><eainfo><detailed Name="gabii_SU_poly"><enttyp><enttypl Sync="TRUE">gabii_SU_poly</enttypl><enttypt Sync="TRUE">Feature Class</enttypt><enttypc Sync="TRUE">0</enttypc></enttyp><attr><attrlabl Sync="TRUE">FID</attrlabl><attalias Sync="TRUE">FID</attalias><attrtype Sync="TRUE">OID</attrtype><attwidth Sync="TRUE">4</attwidth><atprecis Sync="TRUE">0</atprecis><attscale Sync="TRUE">0</attscale><attrdef Sync="TRUE">Internal feature number.</attrdef><attrdefs Sync="TRUE">Esri</attrdefs><attrdomv><udom Sync="TRUE">Sequential unique whole numbers that are automatically generated.</udom></attrdomv></attr><attr><attrlabl Sync="TRUE">SHAPE</attrlabl><attalias Sync="TRUE">Shape</attalias><attrtype Sync="TRUE">Geometry</attrtype><attwidth Sync="TRUE">0</attwidth><atprecis Sync="TRUE">0</atprecis><attscale Sync="TRUE">0</attscale><attrdef Sync="TRUE">Feature geometry.</attrdef><attrdefs Sync="TRUE">ESRI</attrdefs><attrdomv><udom Sync="TRUE">Coordinates defining the features.</udom></attrdomv></attr><attr><attrlabl Sync="TRUE">SU</attrlabl><attalias Sync="TRUE">SU</attalias><attrtype Sync="TRUE">Integer</attrtype><attwidth Sync="TRUE">5</attwidth><atprecis Sync="TRUE">5</atprecis><attscale Sync="TRUE">0</attscale></attr><attr><attrlabl Sync="TRUE">GlobalID</attrlabl><attalias Sync="TRUE">GlobalID</attalias><attrtype Sync="TRUE">String</attrtype><attwidth Sync="TRUE">38</attwidth><atprecis Sync="TRUE">0</atprecis><attscale Sync="TRUE">0</attscale></attr><attr><attrlabl Sync="TRUE">tomb_ID</attrlabl><attalias Sync="TRUE">tomb_ID</attalias><attrtype Sync="TRUE">Double</attrtype><attwidth Sync="TRUE">19</attwidth><atprecis Sync="TRUE">0</atprecis><attscale Sync="TRUE">0</attscale></attr><attr><attrlabl Sync="TRUE">notes</attrlabl><attalias Sync="TRUE">notes</attalias><attrtype Sync="TRUE">String</attrtype><attwidth Sync="TRUE">100</attwidth><atprecis Sync="TRUE">0</atprecis><attscale Sync="TRUE">0</attscale></attr><attr><attrlabl Sync="TRUE">Room_ID</attrlabl><attalias Sync="TRUE">Room_ID</attalias><attrtype Sync="TRUE">String</attrtype><attwidth Sync="TRUE">50</attwidth><atprecis Sync="TRUE">0</atprecis><attscale Sync="TRUE">0</attscale></attr><attr><attrlabl Sync="TRUE">DESCRIPTIO</attrlabl><attalias Sync="TRUE">DESCRIPTIO</attalias><attrtype Sync="TRUE">String</attrtype><attwidth Sync="TRUE">50</attwidth><atprecis Sync="TRUE">0</atprecis><attscale Sync="TRUE">0</attscale></attr><attr><attrlabl Sync="TRUE">Excavated</attrlabl><attalias Sync="TRUE">Excavated</attalias><attrtype Sync="TRUE">Integer</attrtype><attwidth Sync="TRUE">5</attwidth><atprecis Sync="TRUE">5</atprecis><attscale Sync="TRUE">0</attscale></attr><attr><attrlabl Sync="TRUE">Top_of_Wal</attrlabl><attalias Sync="TRUE">Top_of_Wal</attalias><attrtype Sync="TRUE">Integer</attrtype><attwidth Sync="TRUE">5</attwidth><atprecis Sync="TRUE">5</atprecis><attscale Sync="TRUE">0</attscale></attr><attr><attrlabl Sync="TRUE">SHAPE_Leng</attrlabl><attalias Sync="TRUE">SHAPE_Leng</attalias><attrtype Sync="TRUE">Double</attrtype><attwidth Sync="TRUE">19</attwidth><atprecis Sync="TRUE">0</atprecis><attscale Sync="TRUE">0</attscale></attr><attr><attrlabl Sync="TRUE">SHAPE_Area</attrlabl><attalias Sync="TRUE">SHAPE_Area</attalias><attrtype Sync="TRUE">Double</attrtype><attwidth Sync="TRUE">19</attwidth><atprecis Sync="TRUE">0</atprecis><attscale Sync="TRUE">0</attscale><attrdef Sync="TRUE">Area of feature in internal units squared.</attrdef><attrdefs Sync="TRUE">Esri</attrdefs><attrdomv><udom Sync="TRUE">Positive real numbers that are automatically generated.</udom></attrdomv></attr></detailed></eainfo><mdDateSt Sync="TRUE">20190617</mdDateSt><dataqual><lineage><procstep><procdesc Sync="TRUE">Dataset copied.</procdesc><srcused Sync="TRUE">Server=CLASL-G9YSQJ1_TOPO2SQL_DISTRO; Service=sde:sqlserver:CLASL-G9YSQJ1\TOPO2SQL_DISTRO; Database=Gabii2009_topo2; Version=dbo.DEFAULT</srcused><procdate Sync="TRUE">20090722</procdate><proctime Sync="TRUE">22535700</proctime></procstep></lineage></dataqual></metadata>
